label,count_commentators,count_speeches,count_stage_dirs
1,2,0,0
2,2,1,0
3,4,1,0
"4, 5",14,2,0
4,7,0,0
5,5,0,0
"6, 7",1,0,0
8,2,4,0
9,1,0,0
11,2,0,0
12,5,3,0
13,1,1,0
14,2,0,0
15,2,0,0
16,14,9,0
17,0,0,0
18,0,0,0
0,8,4,0
1,3,0,0
2,15,1,0
2,3,8,0
5–34,1,1,0
5,3,2,0
5,2,1,0
6,1,1,0
7–31,1,2,0
7,1,1,0
8,2,1,0
9–29,3,1,0
9,1,2,0
10,1,1,0
10,0,1,0
10,1,2,0
10,1,2,0
11,1,1,0
12,1,1,0
12,4,2,0
12,1,2,0
13,2,1,0
14,1,1,0
15,1,1,0
15,6,1,0
15,1,1,0
16,1,1,0
17,1,1,0
18,5,7,0
19,2,1,0
19,2,1,0
20–1,1,1,0
21,1,1,0
21,1,11,0
24,4,2,0
24,1,1,0
25,2,8,0
25,1,1,0
26,1,1,0
27,1,1,0
30–1,3,9,0
30,3,1,0
30,2,1,0
31,1,4,0
35–142,16,2,0
35–6,4,2,0
36,1,1,0
38,5,1,0
39,3,1,0
40,1,1,0
41–2,5,2,0
42,6,2,0
43–64,2,4,0
43–7,0,1,0
43,1,1,0
44,1,1,0
45,7,5,0
45–7,1,1,0
45,1,1,0
46,4,1,0
46,3,1,0
46,2,1,0
47,1,1,0
48,0,1,0
49–50,1,1,0
50,2,1,0
53–61,1,1,0
56,1,1,0
56,2,2,0
58,11,1,0
59,1,1,0
59,0,4,0
59,2,1,0
60,2,1,0
62,1,1,0
63,1,1,0
64,3,1,0
65–80,0,1,0
65–72,1,1,0
65,2,2,0
65,0,1,0
66,3,1,0
67,1,1,0
67,1,1,0
69,0,1,0
70,1,1,0
71,2,1,0
71,6,1,0
71,2,1,0
72,3,1,0
75,2,1,0
76,3,1,0
76,1,1,0
77,3,1,0
78,1,1,0
78,4,1,0
78,0,1,0
79,1,1,0
80,2,1,0
81,6,2,0
82,1,1,0
84,0,4,0
85,2,1,0
87,2,4,0
87,1,1,0
88,4,1,0
88–90,2,1,0
89,2,6,0
89,2,1,0
90,0,1,0
90,2,1,0
92,2,1,0
92,1,1,0
93,1,1,0
93,2,1,0
93,1,1,0
95,1,1,0
95,2,1,0
96,0,1,0
98,1,2,0
102,1,1,0
103,3,1,0
104–6,0,1,0
105,0,1,0
105,4,2,0
106,6,1,0
106,1,2,0
107,2,1,0
110–14,1,1,0
110,1,1,0
111,1,1,0
113,1,2,0
114,1,2,0
116,0,1,0
117,7,1,0
117,2,3,0
118,1,2,0
119,4,5,0
122,0,1,0
122–3,1,1,0
125,2,1,0
126,1,1,0
126,1,1,0
126,1,1,0
127–42,1,1,0
127,1,1,0
128–9,1,2,0
129,1,1,0
130,5,2,0
131,5,2,0
131,0,1,0
131,5,1,0
133–4,4,1,0
133,1,1,0
133,5,1,0
135–42,0,1,0
135–9,1,1,0
135–7,7,1,0
136,1,1,0
136,1,1,0
137,1,1,0
138,2,1,0
138,1,1,0
139,2,2,0
139,1,1,0
141,1,1,0
142,1,2,0
142,1,1,0
143,1,1,0
143,1,1,0
143,1,2,0
145–7,6,1,0
146,1,1,0
146,1,1,0
147,1,1,0
147,1,1,0
149,1,1,0
150,1,1,0
150,1,1,0
151,1,1,0
151,1,1,0
153,5,1,0
153–5,1,1,0
153,1,1,0
153,1,3,0
154,13,1,0
154,1,1,0
156,1,1,0
157,1,1,0
158,3,2,0
160,0,4,0
161,2,1,0
161,3,1,0
162,4,1,0
162,10,0,0
162,1,0,0
162,1,0,0
163,3,1,0
163,0,1,0
164,0,1,0
166,3,1,0
167,3,1,0
169,2,1,0
170–1,5,23,0
171–8,3,2,0
171,8,6,0
171,1,1,0
171,1,2,0
172,0,1,0
173,2,22,0
175,1,1,0
177,0,1,0
178,1,2,0
180,4,1,0
182–4,1,1,0
182,3,16,0
183,1,1,0
183,0,3,0
184,2,1,0
184,1,1,0
185,1,1,0
"187, 195",0,2,0
188,1,1,0
189,9,4,0
189,1,3,0
190,0,1,0
190,1,1,0
191,4,1,0
191,2,1,0
192,2,6,0
193,2,5,0
194,0,1,0
195,3,1,0
197–204,8,2,0
199,3,1,0
200–1,3,1,0
201,1,2,0
201,2,1,0
202,6,2,0
202,8,1,0
202,2,1,0
203–4,1,1,0
204,1,1,0
204,1,1,0
204,6,1,0
205–60,1,1,0
206,4,2,0
206,1,1,0
207,1,1,0
208–32,3,1,0
208–17,5,1,0
209–59,2,1,0
210–16,1,1,0
210,1,1,0
210,1,1,0
211,1,1,0
214,1,1,0
216,3,1,0
216–18,0,10,0
217,2,1,0
217,2,1,0
218–60,1,1,0
218,3,2,0
220,1,1,0
220,1,1,0
220,1,1,0
221,1,1,0
223,1,1,0
223,1,4,0
226,1,3,0
228,1,1,0
229–30,5,1,0
230,6,1,0
231,1,1,0
231,9,1,0
235,1,13,0
235,0,1,0
237,0,3,0
237,1,1,0
238,1,1,0
238,0,1,0
240,9,2,0
241,0,1,0
242,1,2,0
243,2,1,0
244,1,3,0
245,1,1,0
245,1,1,0
246,1,2,0
247,1,1,0
250,2,2,0
250,1,2,0
250,0,1,0
251,2,1,0
251,1,1,0
251,1,11,0
252,1,10,0
253,0,1,0
254–5,1,2,0
255,1,6,0
256,1,1,0
258,0,4,0
258,1,3,0
259,0,1,0
259,3,1,0
261–71,1,1,0
261,1,1,0
262,5,1,0
263–8,9,1,0
263–4,1,1,0
263,1,1,0
264–8,1,1,0
264,1,1,0
264,2,2,0
265,3,1,0
265,1,3,0
266,1,6,0
267,1,2,0
267,1,2,0
268,5,4,0
270,0,1,0
272,1,4,0
273–4,1,2,0
273,0,0,0
273,5,0,0
274,0,0,0
275–317,2,1,0
275–7,1,1,0
275,0,1,0
277,2,2,0
278–317,1,1,0
281–99,5,3,0
281–3,1,1,0
281,3,1,0
282,4,1,0
282,1,1,0
283,1,1,0
284–5,3,1,0
285–6,2,2,0
285,1,6,0
285,2,1,0
286–8,1,1,0
286,2,1,0
286,2,1,0
286,7,3,0
288–9,1,11,0
289,12,1,0
290–9,11,1,0
290,1,1,0
290,1,1,0
291,1,1,0
293,0,1,0
294,1,1,0
296,2,1,0
297,1,1,0
299,1,1,0
299,1,1,0
300,0,1,0
300,0,1,0
300,1,1,0
301,3,1,0
301,0,1,0
302,1,1,0
303,1,1,0
304,9,5,0
304,3,1,0
305,1,1,0
306,1,4,0
306,4,1,0
307,1,1,0
308–9,6,1,0
311,0,1,0
312,1,1,0
312,0,2,0
312,1,1,0
313,1,1,0
313,3,6,0
314,3,2,0
315,12,2,0
315,3,1,0
316,1,1,0
319–61,3,1,0
320,4,1,0
324,0,1,0
324,1,1,0
325,1,1,0
"325, 330",2,2,0
"326, 329",7,3,0
329,0,1,0
332,1,1,0
"333, 334",6,2,0
334–5,2,3,0
334,0,1,0
336–43,3,2,0
338,1,2,0
341,2,1,0
342,0,1,0
344,1,1,0
345,12,19,0
345,1,1,0
347–50,0,1,0
348–9,2,1,0
348–9,1,1,0
349,1,1,0
350,0,1,0
"351, 354",0,2,0
354,1,1,0
355–6,1,1,0
355,6,2,0
356,2,1,0
357,2,3,0
358,2,1,0
359,2,1,0
359,1,2,0
360,0,1,0
360,1,1,0
361,1,1,0
361,2,1,0
362,1,1,0
363–92,1,1,0
363–77,1,2,0
363–4,1,1,0
363,1,3,0
363,1,4,0
364,4,1,0
364,0,1,0
365,2,2,0
365,0,1,0
366,1,1,0
367–9,1,1,0
367,1,2,0
367,1,2,0
367,1,7,0
368,2,1,0
370,2,1,0
371,2,4,0
"372, 373",0,1,0
373,1,1,0
374,2,2,0
374,4,1,0
376–7,1,1,0
376,3,1,0
376,1,1,0
377,8,1,0
379,0,1,0
379,1,1,0
380,0,1,0
381,2,1,0
382,5,38,0
383,0,1,0
383,2,1,0
384,1,2,0
385–9,21,3,0
385,1,1,0
386,4,1,0
386,0,1,0
387,1,1,0
388,1,1,0
390–2,2,1,0
392,1,1,0
394,0,0,0
396,0,1,0
396,0,1,0
397,1,2,0
397–8,6,2,0
398–400,1,2,0
400,3,2,0
401,0,1,0
"402–3, 421–3",1,2,0
402,0,1,0
403,0,1,0
403,1,1,0
404,1,1,0
407,4,1,0
409,2,1,0
409,0,1,0
409,2,1,0
411,0,1,0
412,0,1,0
414,1,2,0
415,2,2,0
417–20,1,1,0
417,1,1,0
418,0,1,0
419,1,1,0
419,2,2,0
422,2,1,0
423–6,1,1,0
423–4,2,1,0
423,7,2,0
424,4,1,0
425,1,1,0
427,4,3,0
429,1,1,0
429,1,1,0
"429, 430",3,2,0
430,2,1,0
430,2,1,0
430–1,1,1,0
432,0,1,0
432,3,1,0
433,10,1,0
434,1,1,0
438–9,2,1,0
440–4,1,1,0
440,2,2,0
442–3,2,1,0
443–4,3,1,0
446,1,7,0
448–9,1,1,0
449–502,2,6,0
450–2,1,1,0
450,0,1,0
451,2,2,0
453,2,1,0
456,5,2,0
457,4,1,0
458,0,1,0
458–9,1,1,0
460–503,1,1,0
460,0,1,0
461,0,1,0
463–4,6,2,0
467,0,2,0
468,16,3,0
469,1,1,0
469–70,1,1,0
472,1,1,0
474,1,1,0
474,10,1,0
476–7,1,1,0
478–9,2,2,0
480,0,1,0
480–1,4,2,0
482,4,2,0
483,1,1,0
484–5,3,2,0
485–6,2,3,0
488,4,2,0
492,8,1,0
493,0,1,0
494,5,1,0
494–5,0,1,0
496,0,1,0
496,6,1,0
500,1,2,0
500,0,1,0
502–3,1,1,0
502,1,1,0
502,1,4,0
503,1,1,0
505–41,7,3,0
505,2,2,0
506,0,1,0
508–13,4,1,0
508,0,1,0
509–15,2,4,0
510,1,1,0
513,2,1,0
513,1,1,0
514–41,2,1,0
515–18,2,1,0
515,0,1,0
516,1,1,0
516,0,1,0
517,1,1,0
517,1,1,0
517,1,1,0
518,3,2,0
520–4,1,1,0
520–3,0,1,0
520,3,1,0
521–4,2,3,0
521,3,1,0
524,1,1,0
525–41,2,1,0
525,1,1,0
525,1,1,0
525,1,1,0
526,0,1,0
527–8,1,1,0
527–8,0,1,0
529,0,1,0
530,1,1,0
531,5,1,0
531,1,1,0
533,3,2,0
534,3,1,0
535,1,1,0
536,1,1,0
536,10,2,0
537,1,1,0
537,0,1,0
538,1,1,0
539,1,1,0
539,1,1,0
540,1,1,0
540,1,1,0
541,9,1,0
542–3,1,1,0
542,3,1,0
543,1,1,0
543,0,1,0
544,1,2,0
545,1,1,0
545,1,1,0
546,3,1,0
547–8,1,2,0
547,1,1,0
553,1,1,0
555,1,2,0
555,1,1,0
558,1,1,0
558,1,1,0
561,2,1,0
562–4,1,1,0
562,1,1,0
563,1,1,0
564,0,1,0
564,1,2,0
565–6,4,1,0
566,1,1,0
567–74,2,1,0
567,1,1,0
568,2,1,0
568,10,1,0
569,1,1,0
570,2,1,0
571,1,1,0
571,2,1,0
571,1,1,0
572,2,1,0
572,2,1,0
573–4,2,1,0
573,2,2,0
575–615,1,1,0
575–81,1,1,0
575,3,1,0
579,1,1,0
579,1,1,0
580–1,2,2,0
580,4,1,0
581,1,2,0
581,9,1,0
581,0,1,0
582,1,1,0
583–7,2,2,0
583,2,1,0
583,1,1,0
583,2,1,0
584,1,2,0
585,3,1,0
585,13,1,0
585,5,1,0
587,4,1,0
587,3,1,0
588,1,1,0
588–90,0,1,0
588,1,1,0
589,7,3,0
589,1,1,0
594,2,1,0
595,0,1,0
595,0,1,0
596,4,1,0
600,2,1,0
601,0,1,0
601,1,1,0
602–4,1,1,0
602,1,1,0
603,2,1,0
604,2,1,0
604,1,1,0
605,1,4,0
606,1,1,0
607–14,4,7,0
607,2,4,0
608–10,1,1,0
609,1,1,0
611,1,1,0
612,2,1,0
612,1,1,0
613,0,1,0
613,1,2,0
613–15,0,1,0
615,0,1,0
616,0,0,0
616,1,3,0
617–18,1,0,0
619–51,2,1,0
619,1,6,0
619,3,1,0
620,1,1,0
620,2,2,0
622,2,1,0
624–37,1,1,0
624–8,1,1,0
624–5,1,1,0
624,1,1,0
626,0,1,0
627,1,1,0
629–744,6,1,0
629,1,1,0
629,1,1,0
630–1,1,1,0
630,1,1,0
"633, 637",0,2,0
634–7,6,1,0
636–7,1,1,0
636,2,1,0
637,0,1,0
638–50,2,2,0
638,1,1,0
"638, 641",0,2,0
638–40,0,1,0
638,1,5,0
639,0,1,0
639,1,1,0
639–40,2,2,0
640,1,1,0
640,1,1,0
642,1,1,0
643,0,4,0
643,1,2,0
646–7,3,2,0
648,1,1,0
648,1,1,0
649,1,1,0
650,0,1,0
650,0,1,0
651–745,7,6,0
651,1,1,0
652–705,1,1,0
652,6,1,0
653–4,1,2,0
653,1,1,0
653,1,1,0
653,2,1,0
654,7,2,0
655,3,1,0
656,3,3,0
656,1,1,0
657,1,1,0
658,0,1,0
659,1,1,0
661,4,1,0
661,3,1,0
663–4,0,1,0
663,0,1,0
667,1,1,0
670,2,1,0
671,0,1,0
671,1,1,0
673,1,3,0
675,1,2,0
675,1,1,0
677–8,12,6,0
679,6,0,0
679,8,2,0
680,1,1,0
687–744,1,1,0
687,7,1,0
688–9,3,1,0
690,3,1,0
691,4,1,0
692,0,1,0
693–7,0,1,0
693,12,8,0
694–5,1,1,0
696–7,2,1,0
698,1,1,0
701,2,1,0
702,0,1,0
704–5,1,1,0
706,1,0,0
707,1,1,0
708–9,1,1,0
709,1,1,0
711–14,0,1,0
713–14,4,2,0
715,0,1,0
716–20,0,1,0
717,1,2,0
717,6,2,0
719,1,1,0
721,4,1,0
725,6,1,0
725,2,1,0
727,6,1,0
727–8,1,1,0
729–30,1,1,0
729,2,1,0
730,4,1,0
732,1,1,0
732,2,2,0
733,1,1,0
733–6,0,1,0
734,2,1,0
735,1,2,0
735,1,2,0
735,0,1,0
736,4,2,0
739–40,2,1,0
741,1,1,0
744,4,2,0
746–7,1,1,0
"746, 755",0,1,0
748,1,1,0
748,1,1,0
750,2,1,0
750–2,2,1,0
751,1,1,0
751,0,1,0
752,1,1,0
753,1,1,0
754,2,1,0
755–67,2,2,0
756,0,1,0
756,1,2,0
758,1,1,0
759,1,1,0
760,1,1,0
760,3,2,0
761,2,1,0
761,1,1,0
762,1,1,0
762,2,1,0
762,1,1,0
762,1,1,0
762,1,1,0
763,1,1,0
763,1,1,0
764,0,1,0
766–7,2,1,0
766,7,1,0
767,1,1,0
768–82,3,1,0
769,11,2,0
770–1,1,2,0
770,0,1,0
771,0,1,0
771,2,1,0
771,1,1,0
773,1,1,0
774,2,4,0
776,1,1,0
777,9,6,0
781,0,1,0
782,0,1,0
783,0,1,0
785,4,0,0
786,3,2,0
786–7,6,0,0
787–860,1,2,0
787–814,1,1,0
787,1,1,0
788,0,1,0
788,3,1,0
789,0,2,0
789,1,1,0
790,4,1,0
790,0,1,0
792,2,1,0
793–814,3,1,0
793,0,1,0
794–5,1,1,0
794,1,1,0
795–6,2,1,0
797,1,1,0
797,2,1,0
798,4,1,0
798,1,1,0
799,1,1,0
800,1,1,0
801,1,1,0
802,1,1,0
802,3,1,0
803,5,2,0
804,1,2,0
805,1,1,0
805,1,1,0
805,1,1,0
806,3,1,0
806,0,1,0
807,2,1,0
808,2,1,0
809,2,2,0
810,4,1,0
811,1,4,0
813,4,1,0
815–39,3,1,0
815,1,1,0
817,1,1,0
818–19,2,1,0
819–20,1,1,0
819,2,1,0
819,1,1,0
819,1,1,0
821–5,1,1,0
821–4,3,1,0
821,1,1,0
821,1,2,0
822,0,1,0
822,1,1,0
823,1,1,0
824,3,1,0
824,1,1,0
826,2,1,0
827,1,4,0
830,2,1,0
831,4,1,0
832–9,2,3,0
832–4,3,1,0
832,1,1,0
832,1,1,0
833,2,2,0
833,0,1,0
835,1,1,0
835,1,1,0
836,9,1,0
836,2,1,0
837,3,1,0
838,1,1,0
839,1,1,0
839,10,1,0
839,1,1,0
840–60,3,2,0
840,1,2,0
841,2,2,0
842–5,2,1,0
843,1,1,0
843,1,1,0
846,1,1,0
846,1,1,0
850,0,1,0
851,2,1,0
851,1,1,0
851,0,1,0
853,5,1,0
855,3,2,0
855,1,1,0
860,2,2,0
862–945,3,1,0
862,0,1,0
864–5,1,1,0
868,2,6,0
868,1,1,0
873–9,1,1,0
"873, 875, 876, 879",3,5,0
874,2,1,0
877,1,2,0
881–928,1,2,0
881,2,3,0
882,1,1,0
882,4,1,0
883,1,1,0
883,2,1,0
884,0,1,0
886,0,1,0
886,1,1,0
890,5,1,0
890,3,3,0
891,3,1,0
892–929,1,1,0
893,3,2,0
894,3,1,0
894,4,1,0
894–5,1,1,0
895,0,1,0
896,0,1,0
897,0,1,0
897,3,1,0
900,4,3,0
900–1,6,3,0
900,2,1,0
901,1,2,0
901,0,1,0
905,3,1,0
905–6,1,1,0
907–27,4,1,0
908–9,3,1,0
911,10,1,0
911,1,1,0
912,1,1,0
913–15,7,1,0
914,4,1,0
914,3,1,0
917,7,3,0
919,0,1,0
921,5,2,0
922,3,2,0
923–4,3,1,0
924–5,3,1,0
925–6,3,1,0
925–6,3,1,0
926,0,1,0
926,2,1,0
927,1,1,0
927,1,1,0
929,8,1,0
930,3,1,0
930,1,1,0
931,2,1,0
932,3,1,0
933–6,1,1,0
933,1,2,0
934–5,6,2,0
935,3,1,0
936,0,1,0
937,1,3,0
937,0,1,0
937,1,1,0
938,2,2,0
939,1,1,0
940,0,1,0
941–2,1,3,0
943,1,1,0
945–9,1,2,0
946–79,1,1,0
946,0,1,0
948–54,1,3,0
949,2,2,0
950,1,1,0
953,2,1,0
954,2,1,0
956,0,1,0
959,1,1,0
959,2,1,0
959,0,1,0
960,1,1,0
960,1,1,0
962,2,1,0
964,1,2,0
967,0,2,0
968,0,1,0
970,1,1,0
971,1,1,0
974,0,1,0
974,1,1,0
975,2,1,0
976,1,1,0
977,1,1,0
978,0,1,0
979,0,1,0
980,0,0,0
981,1,0,0
981,2,1,0
981,2,1,0
982–1072,1,1,0
982,3,1,0
983,1,1,0
984,3,1,0
985,2,1,0
985,0,1,0
986,0,1,0
986,2,1,0
987,3,2,0
988,0,1,0
989,2,1,0
991,1,1,0
993,2,1,0
995,5,0,0
998,2,5,0
998,2,2,0
1001,1,1,0
1003,12,8,0
1005,2,1,0
1006,0,2,0
1008,1,2,0
1008–9,0,1,0
1009,2,3,0
1010,1,1,0
1011,1,1,0
1011,1,1,0
1012,1,1,0
1013,1,1,0
1013,2,12,0
1015,0,1,0
1015,1,1,0
1017,1,1,0
1019,1,3,0
1022,7,1,0
1025–66,1,3,0
1025–6,1,1,0
1032,1,1,0
1032,0,1,0
1033,1,1,0
1034,1,1,0
1034,1,2,0
1035,1,1,0
1035,0,1,0
1036,0,1,0
1037,1,1,0
1038,0,1,0
1042,6,1,0
1042,5,1,0
1043,2,1,0
1045,1,1,0
1045,1,2,0
1046,0,1,0
1046,1,1,0
1051,1,2,0
1051,1,1,0
1055,1,1,0
1055,0,1,0
1056,1,1,0
1057–8,1,1,0
1059,1,1,0
1060,0,1,0
1061,0,1,0
1062,0,1,0
1065,0,1,0
1066,1,1,0
1067,1,1,0
1069,1,4,0
1069–70,0,1,0
1069,0,1,0
1070,0,1,0
1073,1,0,0
1074–97,1,1,0
1074,0,1,0
1074,1,2,0
1076,4,1,0
1076,2,1,0
1076,1,1,0
1078,1,1,0
1078,3,1,0
1079,1,1,0
1079,1,1,0
1080,1,1,0
1081,1,1,0
1081,4,1,0
1082,1,3,0
1082,2,2,0
1082–3,5,1,0
1083,0,1,0
1084,2,1,0
1084,1,1,0
1087,2,1,0
1087,2,1,0
1088,0,1,0
1089,0,1,0
1090,0,1,0
1090,1,1,0
1093,3,1,0
1094,0,1,0
1099,6,1,0
1099,0,1,0
1100,1,1,0
1101–2,1,1,0
1101,1,1,0
1102,1,1,0
1103,3,3,0
1105,5,1,0
1106,0,1,0
1107,1,1,0
1108,1,1,0
1109,4,1,0
1109,6,2,0
1109,4,1,0
1110,1,2,0
1111,1,1,0
1112,1,1,0
1113–14,3,1,0
1119,1,2,0
1119,1,3,0
1121,3,2,0
1122,1,4,0
1124,2,1,0
1124,2,2,0
1124,0,1,0
1125,1,1,0
1126,1,1,0
1127,1,1,0
1128,1,1,0
1129–30,2,1,0
1132,5,1,0
1132,1,1,0
1133,2,1,0
1133,1,1,0
1136–9,1,2,0
1136,0,1,0
1136,9,1,0
1138,4,1,0
1140–57,1,5,0
1141,5,1,0
1141,3,1,0
1142–61,4,1,0
1142,1,3,0
1142,5,1,0
1143,2,1,0
1143,0,2,0
1144,1,1,0
1145,1,1,0
1145,3,2,0
1146,1,1,0
1146,2,1,0
1146,5,1,0
1147,0,1,0
1147,1,1,0
1147,8,1,0
1148,3,1,0
1148,2,1,0
1149,1,1,0
1149,5,1,0
1149,3,1,0
1150–1,3,1,0
1151–2,5,2,0
1151,2,2,0
1154,1,1,0
1155,3,1,0
1155,0,1,0
1155,1,1,0
1156,6,4,0
1160,3,1,0
1161,9,3,0
1163,1,1,0
1164–77,1,3,0
1166,0,1,0
1168,4,1,0
1168,2,1,0
1170,1,1,0
1171,0,1,0
1172,1,1,0
1172–3,11,2,0
1174–7,0,1,0
1175,3,1,0
1176–7,1,2,0
1176,3,1,0
1176,1,1,0
1179,0,1,0
1181,3,1,0
1181,6,1,0
1182,0,1,0
1182,0,1,0
1182,1,1,0
1183,1,1,0
1184–94,1,1,0
1184–92,5,1,0
1184–5,3,1,0
1184,2,1,0
1187,1,1,0
1188,1,1,0
1189,0,1,0
1193–4,1,1,0
1193,1,1,0
1194,1,1,0
1194,0,1,0
1196–1226,1,1,0
1196–7,11,6,0
1197,2,1,0
1198–9,1,1,0
1200,1,1,0
1200,4,1,0
1202,3,1,0
1203,3,1,0
1203–4,4,1,0
1206–7,1,1,0
1207,2,1,0
1208,9,1,0
"1208, 1210",2,1,0
1209,2,1,0
1210–11,5,1,0
1210,5,1,0
1211,1,1,0
1211,1,1,0
1213–14,1,1,0
1216,1,2,0
1218,1,1,0
1220,0,1,0
"1220, 1222",1,1,0
1221,4,1,0
1222,6,3,0
1224,5,1,0
1225,2,2,0
1227,4,0,0
1228–63,1,1,0
1231–61,1,2,0
1231,4,3,0
1231,1,1,0
1232–44,2,1,0
1234,2,1,0
1235,1,1,0
1235,1,1,0
1235–40,1,1,0
1236–7,1,1,0
1236,1,1,0
1237–9,5,1,0
1238,0,1,0
1239,1,1,0
1239,1,1,0
1239–40,3,1,0
1242,2,1,0
1242,3,4,0
1242,2,1,0
1243,4,1,0
1243,5,1,0
1243,6,1,0
1243–4,2,2,0
1243,1,2,0
1248,3,2,0
1248,1,1,0
1249,0,2,0
1249,0,1,0
1250,2,1,0
1251–2,2,2,0
1251,1,1,0
1252,1,1,0
1254–8,1,2,0
1254–6,4,1,0
1254,1,1,0
1255,1,1,0
1255,3,1,0
1255–6,2,1,0
1255–6,1,1,0
1256,2,1,0
1257,0,1,0
1257–8,3,1,0
1260–3,0,1,0
1261,0,1,0
1261,0,1,0
1262,7,1,0
1264,1,1,0
1264,1,4,0
1265,2,2,0
"1266, 1279",1,1,0
1266,0,1,0
1267,1,1,0
1270,1,1,0
1270,1,4,0
1273,0,1,0
1273,0,1,0
1274,2,4,0
1275–8,2,3,0
1275,1,1,0
1275,0,1,0
1275,1,1,0
1277,1,2,0
1278,1,1,0
1279,0,1,0
1280,1,0,0
1280,2,1,0
1282–3,2,1,0
1283,2,2,0
1283,0,1,0
1284,1,1,0
1284,0,1,0
1285–6,4,1,0
1286,0,1,0
1287,1,1,0
"1290, 1291",2,2,0
1291,3,2,0
1294,0,1,0
1295,4,1,0
1296,0,2,0
1296,0,1,0
1297,1,2,0
1300–1,1,2,0
1301–2,4,1,0
1303,1,1,0
1304,2,1,0
1305,1,1,0
1305,0,1,0
1306,1,1,0
1308,1,1,0
1308,3,1,0
1309–11,1,4,0
1310–20,3,1,0
1311,13,1,0
1314,0,1,0
1315–16,2,1,0
1318,1,1,0
1318,1,1,0
1319–20,2,1,0
1321–2,11,1,0
1323–63,1,1,0
1325,9,1,0
1325–6,5,1,0
1327–9,1,1,0
1327,0,1,0
1327,2,3,0
1329–30,1,2,0
1329,2,1,0
1330–1,1,1,0
1330,3,2,0
1330,2,1,0
1332,1,1,0
1333–6,3,2,0
1333,0,1,0
1333,1,1,0
1334,3,4,0
1334,3,1,0
1336,1,1,0
1338–41,3,2,0
1338–41,1,3,0
1340,0,1,0
1340,0,1,0
1341,2,1,0
1342,0,1,0
1343–8,2,2,0
1344,1,1,0
1344,5,1,0
1345,2,1,0
1345,1,1,0
1346,1,1,0
1348,1,1,0
1349–88,1,1,0
1351,1,1,0
1352–63,1,1,0
1352,4,1,0
1354–64,1,2,0
1356,1,1,0
1359,1,1,0
1360,3,2,0
1362,1,1,0
1362,2,2,0
1364,0,1,0
1365,2,1,0
1365,3,1,0
1366,0,1,0
1366,1,1,0
1366,1,1,0
1367–89,1,3,0
1367–8,1,1,0
1367,5,1,0
1367,2,1,0
1369–70,2,1,0
1373–4,3,1,0
1373,1,1,0
1374,1,4,0
1374,1,1,0
1375,0,1,0
1378,1,2,0
1378,2,1,0
1380,1,1,0
1380,0,1,0
1380,2,2,0
1381,1,1,0
1381,1,1,0
1382,3,1,0
"1383, 1385",0,2,0
1389–93,1,1,0
1389,1,1,0
1390,1,1,0
1390,2,1,0
1391,2,1,0
1391,1,1,0
1392,3,1,0
1392,1,1,0
1394–5,3,0,0
1394,0,0,0
1396–7,1,1,0
1398–1424,2,1,0
1400,1,2,0
1401–4,1,2,0
1401–2,1,1,0
1405,3,3,0
1406,3,2,0
1408,0,1,0
1408,1,2,0
1409–10,0,1,0
1411,1,1,0
1413,1,2,0
1414,0,1,0
1415,1,1,0
1416,2,1,0
1417,1,1,0
1418–21,1,2,0
1418,1,1,0
1421,2,2,0
1422,1,1,0
1422,1,1,0
1426,0,0,0
1429,0,1,0
1432,0,1,0
1432,2,1,0
1433,0,1,0
1433,0,1,0
1439,1,1,0
1440–7,1,0,0
1440–1,2,4,0
1443,1,1,0
"1445, 1447",0,0,0
1445,1,0,0
1448–61,1,1,0
1448,0,1,0
1449,1,1,0
1451,0,1,0
"1451, 1461",3,4,0
1454–9,1,1,0
1454,1,1,0
1455,5,1,0
1455,0,1,0
1456,2,1,0
1457,0,1,0
1458,0,1,0
1459,0,1,0
1460–1,2,4,0
1461,1,1,0
1461,0,1,0
1462,0,0,0
1462,2,0,0
1463,2,0,0
1463,1,1,0
1464,2,3,0
1465,1,1,0
1466,0,1,0
1468,0,1,0
1469,0,1,0
1471,4,1,0
1473,2,0,0
1474,1,1,0
1475,1,3,0
1475,1,1,0
1476,5,1,0
1478–80,2,1,0
1480,1,1,0
1482,2,1,0
1482,1,4,0
1483,0,1,0
1484,2,1,0
1488,0,1,0
1489,1,1,0
1490,6,6,0
1492,0,1,0
1493,3,2,0
1495,0,1,0
1495,5,2,0
1496,1,1,0
1496,0,1,0
1496,0,2,0
1497,1,2,0
1497,2,1,0
1498–1502,1,2,0
1499,1,1,0
1501,3,1,0
"1502, 1503",2,2,0
1502,1,1,0
1504,1,2,0
1504,3,1,0
1505–36,1,1,0
1506,0,1,0
1509,1,1,0
1511,1,1,0
1512,1,1,0
1512,1,1,0
1512,2,2,0
1512,1,1,0
1513,7,1,0
1514,3,2,0
1515,0,1,0
1515,0,1,0
1516,0,1,0
1518,2,1,0
1524,1,1,0
1528–9,0,1,0
1528,0,2,0
1529,1,3,0
1529,0,1,0
1530,2,1,0
1531,12,3,0
1531,1,1,0
1533,0,1,0
1534,0,1,0
1534,1,1,0
1535,2,4,0
1536,0,1,0
1536,0,2,0
1536–7,1,1,0
1537–81,2,2,0
1537–55,6,1,0
1538,2,1,0
1538,1,1,0
1539,0,1,0
1540–55,1,1,0
1540,2,1,0
1540,0,1,0
1541,1,1,0
1542,0,1,0
1546,1,1,0
1546,0,1,0
1546,0,1,0
1547,1,1,0
1548,8,2,0
1549–50,5,1,0
1549,0,1,0
1550,7,2,0
1551,2,1,0
1552,1,1,0
1553,0,1,0
1557,0,1,0
1557,1,1,0
1559,8,1,0
1559,0,1,0
1563,0,3,0
1563,0,1,0
1563,1,1,0
1566,0,1,0
1567–70,3,2,0
1568,1,1,0
1568,0,1,0
1569,2,1,0
1571–81,1,1,0
1571–7,2,1,0
1571,1,2,0
1572,1,1,0
1573,0,1,0
1573,1,1,0
1574,3,1,0
1575,1,1,0
1578–80,1,1,0
1579,1,1,0
1583,0,1,0
1586,0,1,0
1587,1,1,0
1587,4,1,0
1587,1,2,0
1588,1,3,0
1589–91,2,1,0
1589,0,1,0
1590,7,1,0
1590,1,1,0
1592,0,1,0
1593,0,1,0
1598,1,1,0
1599,1,2,0
1600,1,0,0
1600,1,0,0
1604,3,1,0
1605–70,1,1,0
1605,1,1,0
1606,0,1,0
1608–32,1,1,0
1608–11,2,1,0
1609,2,1,0
1610,6,1,0
1610,1,1,0
1611–12,1,2,0
1611,0,1,0
1612,1,1,0
1612,0,1,0
1613,1,1,0
1613,1,1,0
1614,0,1,0
1616,2,1,0
1618,2,1,0
1620,0,1,0
1620,3,1,0
1620,3,2,0
1622,6,1,0
1623,0,1,0
1624,2,1,0
1625,1,1,0
1628,0,1,0
1632,1,1,0
1634,1,1,0
1637–8,1,2,0
1638,0,1,0
1639,1,1,0
1641,1,1,0
1642–50,5,1,0
1643,3,1,0
1643–50,2,1,0
1643–6,4,1,0
1644,6,1,0
1646,1,1,0
1647,1,2,0
1647,6,1,0
1648,1,1,0
1648,4,1,0
1650,0,1,0
1651,1,1,0
1654,1,1,0
1656,8,2,0
1657,0,1,0
1659–60,2,1,0
1662–4,1,2,0
1663,1,2,0
1664,0,1,0
1665,0,0,0
1666–70,3,1,0
1668,6,1,0
1671–2,3,5,0
1671,2,3,0
1672,1,1,0
1673–86,0,1,0
1674,1,1,0
1675,1,1,0
1675,2,1,0
1676,2,1,0
1679,1,1,0
1680–2,1,1,0
1682,6,4,0
1684–6,1,1,0
1685–6,3,2,0
1685–6,1,1,0
1686,1,1,0
1687,2,1,0
1689–90,1,2,0
1691,2,1,0
1692,2,1,0
1693,1,1,0
1695–1707,3,4,0
1696,1,1,0
1697,1,1,0
1698,1,1,0
1699,2,1,0
1699,0,1,0
1700,2,1,0
1701–30,1,1,0
1703,1,1,0
1704,4,1,0
1706,1,1,0
1708,0,1,0
1709,2,1,0
1710,1,1,0
1710,0,1,0
1712,5,2,0
1713,0,1,0
1714–18,0,1,0
1715,1,1,0
1715,2,1,0
1715,0,1,0
1716,0,1,0
1716,0,1,0
1717,2,1,0
1717,1,1,0
1718,2,1,0
1719,1,1,0
1719,0,1,0
1721,1,1,0
1721,1,1,0
1722,0,1,0
1722,0,1,0
1723–4,2,1,0
1724,0,1,0
1724,3,1,0
1725,0,1,0
1726,0,1,0
1729,1,1,0
1739,1,2,0
1741,0,1,0
1743,0,2,0
1745,2,3,0
1745,1,1,0
1746,1,1,0
1747,5,3,0
1748,0,1,0
1749,1,1,0
1750,1,2,0
1752–3,1,1,0
1752,0,1,0
1760,0,1,0
1762–1810,1,4,0
1762,1,2,0
1763,2,2,0
1768,2,1,0
1772,2,1,0
1775–1800,0,1,0
1775,0,1,0
1779,2,1,0
1779,6,2,0
1780,0,1,0
1782,1,1,0
1783–4,1,4,0
1786–7,2,1,0
1786,3,1,0
1787,1,3,0
1788–99,1,1,0
1788,1,1,0
1789,0,1,0
1790,3,2,0
1791,3,1,0
1792,2,1,0
1793–7,1,1,0
1793,2,1,0
1793,2,1,0
1794,1,1,0
1796,5,2,0
1796,1,1,0
1797,1,1,0
1798,4,1,0
1801,0,1,0
1801,0,1,0
1801,3,1,0
1803,1,1,0
1813–26,1,1,0
1815,3,0,0
1816–1918,1,1,0
1817–19,1,1,0
1817,7,1,0
1818,3,1,0
1818–19,2,1,0
1818,0,1,0
1819,1,1,0
1822,1,2,0
1825–31,0,1,0
1825,1,1,0
1827–47,1,1,0
"1827, 1830, 1838, 1839, 1864",1,4,0
1829,2,1,0
1832–7,8,3,0
1832,1,1,0
1833,1,1,0
1834,1,1,0
1835,2,1,0
1835,0,1,0
1835–6,1,1,0
1836,2,1,0
1841–7,2,2,0
"1841, 1845",0,1,0
1842,0,1,0
1843,1,1,0
"1852, 1859, 1872",0,3,0
1855,2,1,0
1858–77,1,1,0
1859,1,1,0
1862–4,1,1,0
1863,2,1,0
1864,1,1,0
1864,1,2,0
"1865, 1868",2,2,0
1873,0,1,0
1875,0,1,0
1877,2,1,0
1877,2,1,0
1878,1,1,0
1879,6,2,0
1880,1,2,0
1882,0,1,0
1883–1918,1,1,0
1883,0,1,0
1886–9,1,1,0
1887,2,1,0
1890,13,6,0
1890–2,4,1,0
1890,0,1,0
1892,0,1,0
1894,2,2,0
1894,2,3,0
1895,5,1,0
1895,9,2,0
1896,1,1,0
1896,5,2,0
1897,1,1,0
1898–9,2,1,0
1900,1,1,0
"1900, 1901",0,2,0
1900,1,1,0
1902,1,1,0
1904,0,1,0
1905,2,1,0
1906–8,1,2,0
1907,2,1,0
1908,0,1,0
"1909–10, 1917–18",1,2,0
1909,1,1,0
1910,2,1,0
1911,1,1,0
1914,1,1,0
1914,1,1,0
1916–17,4,1,0
1918,3,2,0
